DpDx,EL,vSG,vSL,XYLimits,TITLE,BubbleVSL,BubbleVsG,DispersedBubbleVSL,DispersedbubbleVSG,SlugVSL,SlugVSG,AnnularMistVSL,AnnularMistVSG
5440.4699147048,0.9336517709,0.0129154967,0.0129154967,0.01,'''{\oslash}=5cmP=1000KPaaT=20^{\circ}C{\theta}=90^{\circ}''',0.012916,0.0129155,1.6681,0.0129155,0.0129155,0.215443,0.016681,2.15443
5448.2940352372,0.9351383825,0.0166810054,0.0166810054,100,'''\rho_{liq}=590Kg/m^3\rho_{gas}=56kg/m^3''',0.016681,0.0129155,2.15443,0.0129155,0.016681,0.215443,0.0215443,2.15443
5457.8886278893,0.9369598832,0.0215443469,0.0215443469,0.01,'''\mu_{liq}=0.132cP\mu_{gas}=0.013cP{\sigma}=10.3Dyne/cm''',0.021544,0.0129155,2.78256,0.0129155,0.0215443,0.215443,0.0278256,2.15443
5469.5040104548,0.9391624952,0.027825594,0.027825594,10,,0.027826,0.0129155,3.59381,0.0129155,0.0278256,0.215443,0.0359381,2.15443
5483.3513766212,0.9417841028,0.0359381366,0.0359381366,,,0.035938,0.0129155,4.64159,0.0129155,0.0359381,0.215443,0.0464159,2.15443
5499.5649416683,0.9448465125,0.0464158883,0.0464158883,,,0.046416,0.0129155,5.99484,0.0129155,0.0464159,0.215443,0.0599484,2.15443
5518.1617082269,0.9483469452,0.059948425,0.059948425,,,0.059948,0.0129155,7.74264,0.0129155,0.0129155,0.278256,0.0774264,2.15443
5539.0092176017,0.9522505415,0.0774263683,0.0774263683,,,0.077426,0.0129155,1.6681,0.016681,0.016681,0.278256,0.1,2.15443
5561.815637976,0.9564862942,0.1,0.1,,,0.100000,0.0129155,2.15443,0.016681,0.0215443,0.278256,0.0129155,2.78256
5586.1570670107,0.9609487166,0.1291549665,0.1291549665,,,0.129155,0.0129155,2.78256,0.016681,0.0278256,0.278256,0.016681,2.78256
5611.5526208703,0.9655063764,0.1668100537,0.1668100537,,,0.166810,0.0129155,3.59381,0.016681,0.0359381,0.278256,0.0215443,2.78256
5637.5899708599,0.9700163404,0.215443469,0.215443469,,,0.215443,0.0129155,4.64159,0.016681,0.0464159,0.278256,0.0278256,2.78256
5664.0978569875,0.9743414296,0.2782559402,0.2782559402,,,0.278256,0.0129155,5.99484,0.016681,0.0599484,0.278256,0.0359381,2.78256
5691.3647765726,0.9783660697,0.3593813664,0.3593813664,,,0.359381,0.0129155,7.74264,0.016681,0.0774264,0.278256,0.0464159,2.78256
5720.4200697795,0.9820070798,0.4641588834,0.4641588834,,,0.464159,0.0129155,1.6681,0.0215443,0.0129155,0.359381,0.0599484,2.78256
5753.4272156916,0.985217646,0.5994842503,0.5994842503,,,0.599484,0.0129155,2.15443,0.0215443,0.016681,0.359381,0.0774264,2.78256
5794.290133305,0.9879849651,0.7742636827,0.7742636827,,,0.774264,0.0129155,2.78256,0.0215443,0.0215443,0.359381,0.1,2.78256
5849.6468724542,0.990323601,1,1,,,1.000000,0.0129155,3.59381,0.0215443,0.0278256,0.359381,0.129155,2.78256
5930.5365362885,0.9922670531,1.291549665,1.291549665,,,1.291550,0.0129155,4.64159,0.0215443,0.0359381,0.359381,0.16681,2.78256
6046.7025709731,0.992316851,1.6681005372,1.6681005372,,,0.012916,0.016681,5.99484,0.0215443,0.0464159,0.359381,0.215443,2.78256
6247.5088210052,0.9940408815,2.15443469,2.15443469,,,0.016681,0.016681,7.74264,0.0215443,0.0599484,0.359381,0.278256,2.78256
6571.5025263643,0.995379856,2.7825594022,2.7825594022,,,0.021544,0.016681,2.15443,0.0278256,0.0774264,0.359381,0.359381,2.78256
7101.7867965647,0.9964190556,3.5938136638,3.5938136638,,,0.027826,0.016681,2.78256,0.0278256,0.1,0.359381,0.464159,2.78256
7976.2705143828,0.9972251618,4.6415888336,4.6415888336,,,0.035938,0.016681,3.59381,0.0278256,0.0129155,0.464159,0.599484,2.78256
9424.2694989697,0.9978501969,5.9948425032,5.9948425032,,,0.046416,0.016681,4.64159,0.0278256,0.016681,0.464159,0.0129155,3.59381
11827.5129021075,0.9983346774,7.7426368268,7.7426368268,,,0.059948,0.016681,5.99484,0.0278256,0.0215443,0.464159,0.016681,3.59381
5345.3513277657,0.9154879221,10,,,,0.077426,0.016681,7.74264,0.0278256,0.0278256,0.464159,0.0215443,3.59381
5355.2555505061,0.9173710154,12.9154966501,,,,0.100000,0.016681,2.15443,0.0359381,0.0359381,0.464159,0.0278256,3.59381
5367.3972922666,0.9196780085,16.681005372,,,,0.129155,0.016681,2.78256,0.0359381,0.0464159,0.464159,0.0359381,3.59381
5382.0912207221,0.9224673766,21.5443469003,,,,0.166810,0.016681,3.59381,0.0359381,0.0599484,0.464159,0.0464159,3.59381
5399.6017773416,0.9257871312,27.8255940221,,,,0.215443,0.016681,4.64159,0.0359381,0.0774264,0.464159,0.0599484,3.59381
5420.0950929986,0.9296651259,35.938136638,,,,0.278256,0.016681,5.99484,0.0359381,0.1,0.464159,0.0774264,3.59381
5443.5875589929,0.9340984093,46.4158883361,,,,0.359381,0.016681,7.74264,0.0359381,0.129155,0.464159,0.1,3.59381
5469.9036614605,0.9390438338,59.9484250319,,,,0.464159,0.016681,2.15443,0.0464159,0.0129155,0.599484,0.129155,3.59381
5498.6603776841,0.9444128967,77.4263682681,,,,0.599484,0.016681,2.78256,0.0464159,0.016681,0.599484,0.16681,3.59381
5529.2958817242,0.9500736672,,,,,0.774264,0.016681,3.59381,0.0464159,0.0215443,0.599484,0.215443,3.59381
5561.1546410406,0.9558612228,,,,,1.000000,0.016681,4.64159,0.0464159,0.0278256,0.599484,0.278256,3.59381
5593.6307876243,0.9615954843,,,,,1.291550,0.016681,5.99484,0.0464159,0.0359381,0.599484,0.359381,3.59381
5626.3629053734,0.967102706,,,,,0.012916,0.0215443,7.74264,0.0464159,0.0464159,0.599484,0.464159,3.59381
5659.4744293392,0.9722354506,,,,,0.016681,0.0215443,2.15443,0.0599484,0.0599484,0.599484,0.599484,3.59381
5693.8710413668,0.9768864659,,,,,0.021544,0.0215443,2.78256,0.0599484,0.0774264,0.599484,0.774264,3.59381
5731.6419211621,0.9809941443,,,,,0.027826,0.0215443,3.59381,0.0599484,0.1,0.599484,1,3.59381
5776.6654148368,0.9845400066,,,,,0.035938,0.0215443,4.64159,0.0599484,0.129155,0.599484,1.29155,3.59381
5835.5955832454,0.9875406425,,,,,0.046416,0.0215443,5.99484,0.0599484,0.16681,0.599484,1.6681,3.59381
5919.5186284334,0.9900372053,,,,,0.059948,0.0215443,7.74264,0.0599484,0.0129155,0.774264,2.15443,3.59381
6035.7996486128,0.9900990099,,,,,0.077426,0.0215443,2.15443,0.0774264,0.016681,0.774264,2.78256,3.59381
6239.3976444182,0.992316851,,,,,0.100000,0.0215443,2.78256,0.0774264,0.0215443,0.774264,0.0129155,4.64159
6565.6741912079,0.9940408815,,,,,0.129155,0.0215443,3.59381,0.0774264,0.0278256,0.774264,0.016681,4.64159
7097.8742989208,0.995379856,,,,,0.166810,0.0215443,4.64159,0.0774264,0.0359381,0.774264,0.0215443,4.64159
7974.0300981425,0.9964190556,,,,,0.215443,0.0215443,5.99484,0.0774264,0.0464159,0.774264,0.0278256,4.64159
9423.5704582721,0.9972251618,,,,,0.278256,0.0215443,7.74264,0.0774264,0.0599484,0.774264,0.0359381,4.64159
11828.3379466447,0.9978501969,,,,,0.359381,0.0215443,2.15443,0.1,0.0774264,0.774264,0.0464159,4.64159
5226.4374564464,0.8927791882,,,,,0.464159,0.0215443,2.78256,0.1,0.1,0.774264,0.0599484,4.64159
5238.9030857183,0.8951505081,,,,,0.599484,0.0215443,3.59381,0.1,0.129155,0.774264,0.0774264,4.64159
5254.1807310016,0.8980552127,,,,,0.774264,0.0215443,4.64159,0.1,0.16681,0.774264,0.1,4.64159
5272.6643147878,0.9015668658,,,,,1.000000,0.0215443,5.99484,0.1,0.0129155,1,0.129155,4.64159
5294.6842750964,0.9057460273,,,,,1.291550,0.0215443,7.74264,0.1,0.016681,1,0.16681,4.64159
5320.4472208922,0.9106282183,,,,,0.012916,0.0278256,2.15443,0.129155,0.0215443,1,0.215443,4.64159
5349.9711068466,0.9162107124,,,,,0.016681,0.0278256,2.78256,0.129155,0.0278256,1,0.278256,4.64159
5383.031106233,0.9224408569,,,,,0.021544,0.0278256,3.59381,0.129155,0.0359381,1,0.359381,4.64159
5419.1368915213,0.9292095488,,,,,0.027826,0.0278256,4.64159,0.129155,0.0464159,1,0.464159,4.64159
5457.562380323,0.9363533522,,,,,0.035938,0.0278256,5.99484,0.129155,0.0599484,1,0.599484,4.64159
5497.4419400077,0.9436670409,,,,,0.046416,0.0278256,7.74264,0.129155,0.0774264,1,0.774264,4.64159
5537.934256238,0.9509253308,,,,,0.059948,0.0278256,2.78256,0.16681,0.1,1,1,4.64159
5578.4434260049,0.9579093691,,,,,0.077426,0.0278256,3.59381,0.16681,0.129155,1,1.29155,4.64159
5618.8858144743,0.9644317345,,,,,0.100000,0.0278256,4.64159,0.16681,0.16681,1,1.6681,4.64159
5660.0082607923,0.9703542517,,,,,0.129155,0.0278256,5.99484,0.16681,0.215443,1,2.15443,4.64159
5703.8005413432,0.9755955518,,,,,0.166810,0.0278256,7.74264,0.16681,0.0129155,1.29155,2.78256,4.64159
5754.1018451101,0.9801286561,,,,,0.215443,0.0278256,2.78256,0.215443,0.016681,1.29155,3.59381,4.64159
5817.5797522169,0.9839714052,,,,,0.278256,0.0278256,3.59381,0.215443,0.0215443,1.29155,4.64159,4.64159
5905.3743753165,0.9871735175,,,,,0.359381,0.0278256,4.64159,0.215443,0.0278256,1.29155,0.0129155,5.99484
6021.7948736365,0.9872491864,,,,,0.464159,0.0278256,5.99484,0.215443,0.0359381,1.29155,0.016681,5.99484
6228.9681831835,0.9900990099,,,,,0.599484,0.0278256,7.74264,0.215443,0.0464159,1.29155,0.0215443,5.99484
6558.1747691887,0.992316851,,,,,0.774264,0.0278256,2.78256,0.278256,0.0599484,1.29155,0.0278256,5.99484
7092.8382009234,0.9940408815,,,,,1.000000,0.0278256,3.59381,0.278256,0.0774264,1.29155,0.0359381,5.99484
7971.1469145206,0.995379856,,,,,1.291550,0.0278256,4.64159,0.278256,0.1,1.29155,0.0464159,5.99484
9422.6740588847,0.9964190556,,,,,1.668100,0.0278256,5.99484,0.278256,0.129155,1.29155,0.0599484,5.99484
11829.4076329881,0.9972251618,,,,,0.012916,0.0359381,7.74264,0.278256,0.16681,1.29155,0.0774264,5.99484
5079.1977804886,0.8646596621,,,,,0.016681,0.0359381,0.774264,0.359381,0.215443,1.29155,0.1,5.99484
5094.7683362241,0.8676228062,,,,,0.021544,0.0359381,2.78256,0.359381,0.278256,1.29155,0.129155,5.99484
5113.846745448,0.8712519374,,,,,0.027826,0.0359381,3.59381,0.359381,0.359381,1.29155,0.16681,5.99484
5136.9233020142,0.8756389624,,,,,0.035938,0.0359381,4.64159,0.359381,0.464159,1.29155,0.215443,5.99484
5164.4094720887,0.8808598441,,,,,0.046416,0.0359381,5.99484,0.359381,0.599484,1.29155,0.278256,5.99484
5196.5632252348,0.8869598284,,,,,0.059948,0.0359381,7.74264,0.359381,0.774264,1.29155,0.359381,5.99484
5233.4085060073,0.8939372351,,,,,0.077426,0.0359381,0.774264,0.464159,1,1.29155,0.464159,5.99484
5274.6669235086,0.901729065,,,,,0.100000,0.0359381,1,0.464159,1.29155,1.29155,0.599484,5.99484
5319.7261427952,0.9102027715,,,,,0.129155,0.0359381,2.78256,0.464159,1.6681,1.29155,0.774264,5.99484
5367.6697743224,0.9191583933,,,,,0.166810,0.0359381,3.59381,0.464159,2.15443,1.29155,1,5.99484
5417.3851001455,0.9283432807,,,,,0.215443,0.0359381,4.64159,0.464159,0.0129155,1.6681,1.29155,5.99484
5467.7495495274,0.9374781227,,,,,0.278256,0.0359381,5.99484,0.464159,0.016681,1.6681,1.6681,5.99484
5517.8819827395,0.9462891712,,,,,0.359381,0.0359381,7.74264,0.464159,0.0215443,1.6681,2.15443,5.99484
5567.4412389691,0.9545392569,,,,,0.464159,0.0359381,0.774264,0.599484,0.0278256,1.6681,2.78256,5.99484
5616.970713199,0.9620505944,,,,,0.599484,0.0359381,1,0.599484,0.0359381,1.6681,3.59381,5.99484
5668.326685773,0.9687153179,,,,,0.774264,0.0359381,1.29155,0.599484,0.0464159,1.6681,4.64159,5.99484
5725.2882793984,0.9744936623,,,,,1.000000,0.0359381,2.78256,0.599484,0.0599484,1.6681,5.99484,5.99484
5794.5292658551,0.9794029333,,,,,1.291550,0.0359381,3.59381,0.599484,0.0774264,1.6681,0.0129155,7.74264
5887.2483658692,0.9835018099,,,,,1.668100,0.0359381,4.64159,0.599484,0.1,1.6681,0.016681,7.74264
6021.934630291,0.9868741511,,,,,0.012916,0.0464159,5.99484,0.599484,0.129155,1.6681,0.0215443,7.74264
6215.5751012267,0.9872491864,,,,,0.016681,0.0464159,7.74264,0.599484,0.16681,1.6681,0.0278256,7.74264
6548.5356252297,0.9900990099,,,,,0.021544,0.0464159,0.774264,0.774264,0.215443,1.6681,0.0359381,7.74264
7086.3622155904,0.992316851,,,,,0.027826,0.0464159,1,0.774264,0.278256,1.6681,0.0464159,7.74264
7967.4404788834,0.9940408815,,,,,0.035938,0.0464159,1.29155,0.774264,0.359381,1.6681,0.0599484,7.74264
9421.527041777,0.995379856,,,,,0.046416,0.0464159,1.6681,0.774264,0.464159,1.6681,0.0774264,7.74264
11830.7960144012,0.9964190556,,,,,0.059948,0.0464159,2.15443,0.774264,0.599484,1.6681,0.1,7.74264
4899.1413929184,0.8302705711,,,,,0.077426,0.0464159,2.78256,0.774264,0.774264,1.6681,0.129155,7.74264
4918.3954940074,0.8339358083,,,,,0.100000,0.0464159,3.59381,0.774264,1,1.6681,0.16681,7.74264
4941.9829315782,0.8384243277,,,,,0.129155,0.0464159,4.64159,0.774264,1.29155,1.6681,0.215443,7.74264
4970.5093455854,0.843849985,,,,,0.166810,0.0464159,5.99484,0.774264,1.6681,1.6681,0.278256,7.74264
5004.4846623868,0.8503074526,,,,,0.215443,0.0464159,7.74264,0.774264,2.15443,1.6681,0.359381,7.74264
5044.232186932,0.8578543444,,,,,0.278256,0.0464159,0.774264,1,0.0129155,2.15443,0.464159,7.74264
5089.7902033928,0.8664915875,,,,,0.359381,0.0464159,1,1,0.129155,2.15443,0.599484,7.74264
5140.8271627375,0.8761458745,,,,,0.464159,0.0464159,1.29155,1,0.16681,2.15443,0.774264,7.74264
5196.598955421,0.8866593009,,,,,0.599484,0.0464159,1.6681,1,0.215443,2.15443,1,7.74264
5255.977114797,0.8977911625,,,,,0.774264,0.0464159,2.15443,1,0.278256,2.15443,1.29155,7.74264
5317.5672116373,0.9092346979,,,,,1.000000,0.0464159,2.78256,1,0.359381,2.15443,1.6681,7.74264
5379.9187619135,0.9206475617,,,,,1.291550,0.0464159,3.59381,1,0.464159,2.15443,2.15443,7.74264
5441.8098111403,0.9316903709,,,,,1.668100,0.0464159,4.64159,1,0.599484,2.15443,2.78256,7.74264
5502.5825569648,0.9420647529,,,,,0.012916,0.0599484,5.99484,1,0.774264,2.15443,3.59381,7.74264
5562.5210479919,0.9515424181,,,,,0.016681,0.0599484,7.74264,1,1,2.15443,4.64159,7.74264
5623.3018713669,0.959979893,,,,,0.021544,0.0599484,2.78256,1.29155,1.29155,2.15443,5.99484,7.74264
5688.612243126,0.9673181654,,,,,0.027826,0.0599484,3.59381,1.29155,1.6681,2.15443,7.74264,7.74264
5765.1165005478,0.9735705265,,,,,0.035938,0.0599484,4.64159,1.29155,2.15443,2.15443,0.0129155,10
5864.0717584184,0.9788039274,,,,,0.046416,0.0599484,5.99484,1.29155,0.774264,2.78256,0.016681,10
6004.074689836,0.9831190333,,,,,0.059948,0.0599484,7.74264,1.29155,1,2.78256,0.0215443,10
6198.4047343686,0.9835926851,,,,,0.077426,0.0599484,2.78256,1.6681,1.29155,2.78256,0.0278256,10
6536.1636216257,0.9872491864,,,,,0.100000,0.0599484,3.59381,1.6681,1.6681,2.78256,0.0359381,10
7078.0452662212,0.9900990099,,,,,0.129155,0.0599484,4.64159,1.6681,2.15443,2.78256,0.0464159,10
7962.6822423015,0.992316851,,,,,0.166810,0.0599484,5.99484,1.6681,2.78256,2.78256,0.0599484,10
9420.0634539594,0.9940408815,,,,,0.215443,0.0599484,7.74264,1.6681,3.59381,3.59381,0.0774264,10
11832.6005452803,0.995379856,,,,,0.278256,0.0599484,2.78256,2.15443,,,0.1,10
4682.4714368327,0.7888850671,,,,,0.359381,0.0599484,3.59381,2.15443,,,0.129155,10
4705.9662553597,0.7933585343,,,,,0.464159,0.0599484,4.64159,2.15443,,,0.16681,10
4734.7464415449,0.7988366678,,,,,0.599484,0.0599484,5.99484,2.15443,,,0.215443,10
4769.5530796252,0.8054590878,,,,,0.774264,0.0599484,7.74264,2.15443,,,0.278256,10
4811.0144089896,0.8133429404,,,,,1.000000,0.0599484,3.59381,2.78256,,,0.359381,10
4859.5373257569,0.8225616578,,,,,1.291550,0.0599484,4.64159,2.78256,,,0.464159,10
4915.1893308447,0.8331215733,,,,,1.668100,0.0599484,5.99484,2.78256,,,0.599484,10
4977.5949560249,0.8449407819,,,,,0.012916,0.0774264,7.74264,2.78256,,,0.774264,10
5045.8790527711,0.8578360965,,,,,0.016681,0.0774264,4.64159,3.59381,,,1,10
5118.6900566976,0.8715238839,,,,,0.021544,0.0774264,5.99484,3.59381,,,1.29155,10
5194.3260590872,0.8856382487,,,,,0.027826,0.0774264,7.74264,3.59381,,,1.6681,10
5270.9666747256,0.8997656647,,,,,0.035938,0.0774264,5.99484,4.64159,,,2.15443,10
5346.9923067413,0.9134900962,,,,,0.046416,0.0774264,7.74264,4.64159,,,2.78256,10
5421.3617621148,0.9264390058,,,,,0.059948,0.0774264,7.74264,5.99484,,,3.59381,10
5494.0309228938,0.9383201745,,,,,0.077426,0.0774264,,,,,4.64159,10
5566.4346680844,0.9489423064,,,,,0.100000,0.0774264,,,,,5.99484,10
5642.120592822,0.9582175425,,,,,0.129155,0.0774264,,,,,7.74264,10
5727.7145551701,0.9661489737,,,,,0.166810,0.0774264,,,,,0.0129155,12.9155
5834.5224263544,0.9728091484,,,,,0.215443,0.0774264,,,,,0.016681,12.9155
5981.2561299113,0.9783159059,,,,,0.278256,0.0774264,,,,,0.0215443,12.9155
6176.4385957778,0.9789100229,,,,,0.359381,0.0774264,,,,,0.0278256,12.9155
6520.3126068355,0.9835926851,,,,,0.464159,0.0774264,,,,,0.0359381,12.9155
7067.3815695104,0.9872491864,,,,,0.599484,0.0774264,,,,,0.0464159,12.9155
7956.584557564,0.9900990099,,,,,0.774264,0.0774264,,,,,0.0599484,12.9155
9418.2028074642,0.992316851,,,,,1.000000,0.0774264,,,,,0.0774264,12.9155
11834.9500950569,0.9940408815,,,,,1.291550,0.0774264,,,,,0.1,12.9155
4427.0928673026,0.7401004391,,,,,1.668100,0.0774264,,,,,0.129155,12.9155
4455.2656944286,0.7454653346,,,,,0.012916,0.1,,,,,0.16681,12.9155
4489.7799724076,0.7520360578,,,,,0.016681,0.1,,,,,0.215443,12.9155
4531.5322299481,0.7599817861,,,,,0.021544,0.1,,,,,0.278256,12.9155
4581.2912919768,0.7694463566,,,,,0.027826,0.1,,,,,0.359381,12.9155
4639.5718233382,0.7805235924,,,,,0.035938,0.1,,,,,0.464159,12.9155
4706.4956771042,0.7932299768,,,,,0.046416,0.1,,,,,0.599484,12.9155
4781.6674732864,0.807479521,,,,,0.059948,0.1,,,,,0.774264,12.9155
4864.1002245431,0.8230673341,,,,,0.077426,0.1,,,,,1,12.9155
4952.22834378,0.8396684785,,,,,0.100000,0.1,,,,,1.29155,12.9155
5044.0352761571,0.8568564213,,,,,0.129155,0.1,,,,,1.6681,12.9155
5137.3022523063,0.8741408453,,,,,0.166810,0.1,,,,,2.15443,12.9155
5229.9605214365,0.8910190096,,,,,0.215443,0.1,,,,,2.78256,12.9155
5320.5143832452,0.9070303502,,,,,0.278256,0.1,,,,,3.59381,12.9155
5408.5093516493,0.9218026563,,,,,0.359381,0.1,,,,,4.64159,12.9155
5495.0569115993,0.9350807317,,,,,0.464159,0.1,,,,,5.99484,12.9155
5583.4952877015,0.9467339216,,,,,0.599484,0.1,,,,,7.74264,12.9155
5680.3622676529,0.9567448237,,,,,0.774264,0.1,,,,,0.0129155,16.681
5796.9866303814,0.9651855719,,,,,1.000000,0.1,,,,,0.016681,16.681
5952.1926794165,0.9721892276,,,,,1.291550,0.1,,,,,0.0215443,16.681
6148.4138980907,0.9729277086,,,,,1.668100,0.1,,,,,0.0278256,16.681
6500.0514430946,0.9789100229,,,,,0.012916,0.129155,,,,,0.0359381,16.681
7053.7379646333,0.9835926851,,,,,0.016681,0.129155,,,,,0.0464159,16.681
7948.7883316094,0.9872491864,,,,,0.021544,0.129155,,,,,0.0599484,16.681
9415.8489083194,0.9900990099,,,,,0.027826,0.129155,,,,,0.0774264,16.681
11838.0160886625,0.992316851,,,,,0.035938,0.129155,,,,,0.1,16.681
4133.955856119,0.6840943629,,,,,0.046416,0.129155,,,,,0.129155,16.681
4166.9760459236,0.6903826543,,,,,0.059948,0.129155,,,,,0.16681,16.681
4207.4467352358,0.6980879372,,,,,0.077426,0.129155,,,,,0.215443,16.681
4256.438057449,0.7074123795,,,,,0.100000,0.129155,,,,,0.278256,16.681
4314.883912265,0.7185311424,,,,,0.129155,0.129155,,,,,0.359381,16.681
4383.4388012891,0.7315645069,,,,,0.166810,0.129155,,,,,0.464159,16.681
4462.3188477559,0.7465466553,,,,,0.215443,0.129155,,,,,0.599484,16.681
4551.154814913,0.7633962191,,,,,0.278256,0.129155,,,,,0.774264,16.681
4648.8954454713,0.7818955719,,,,,0.359381,0.129155,,,,,1,16.681
4753.8022993226,0.8016861898,,,,,0.464159,0.129155,,,,,1.29155,16.681
4863.5687142967,0.8222854081,,,,,0.599484,0.129155,,,,,1.6681,16.681
4975.5753437407,0.8431254756,,,,,0.774264,0.129155,,,,,2.15443,16.681
5087.2688880651,0.8636099011,,,,,1.000000,0.129155,,,,,2.78256,16.681
5196.6307672859,0.8831766732,,,,,1.291550,0.129155,,,,,3.59381,16.681
5302.7028715227,0.9013553062,,,,,1.668100,0.129155,,,,,4.64159,16.681
5406.1693377227,0.9178062337,,,,,0.012916,0.16681,,,,,5.99484,16.681
5510.0606053986,0.9323364024,,,,,0.016681,0.16681,,,,,7.74264,16.681
5620.7472947602,0.9448917512,,,,,0.021544,0.16681,,,,,0.0129155,21.5443
5749.529570831,0.9555327753,,,,,0.027826,0.16681,,,,,0.016681,21.5443
5915.3223219913,0.9644017843,,,,,0.035938,0.16681,,,,,0.0215443,21.5443
6112.784587927,0.9653086074,,,,,0.046416,0.16681,,,,,0.0278256,21.5443
6474.2304292798,0.9729277086,,,,,0.059948,0.16681,,,,,0.0359381,21.5443
7036.3295372208,0.9789100229,,,,,0.077426,0.16681,,,,,0.0464159,21.5443
7938.850185432,0.9835926851,,,,,0.100000,0.16681,,,,,0.0599484,21.5443
9412.8903148042,0.9872491864,,,,,0.129155,0.16681,,,,,0.0774264,21.5443
11842.0281674191,0.9900990099,,,,,0.166810,0.16681,,,,,0.1,21.5443
3808.5090444382,0.6219020316,,,,,0.215443,0.16681,,,,,0.129155,21.5443
3846.0912705352,0.6290587627,,,,,0.278256,0.16681,,,,,0.16681,21.5443
3892.1990902101,0.6378370256,,,,,0.359381,0.16681,,,,,0.215443,21.5443
3948.090083513,0.6484745793,,,,,0.464159,0.16681,,,,,0.278256,21.5443
4014.8890553001,0.6611827865,,,,,0.599484,0.16681,,,,,0.359381,21.5443
4093.4315301373,0.6761161794,,,,,0.774264,0.16681,,,,,0.464159,21.5443
4184.0864008016,0.6933377197,,,,,1.000000,0.16681,,,,,0.599484,21.5443
4286.5854400534,0.7127848366,,,,,1.291550,0.16681,,,,,0.774264,21.5443
4399.8989134153,0.7342434024,,,,,1.668100,0.16681,,,,,1,21.5443
4522.2016812199,0.7573375701,,,,,2.154430,0.16681,,,,,1.29155,21.5443
4650.9686364165,0.7815419918,,,,,0.059948,0.215443,,,,,1.6681,21.5443
4783.2207583388,0.8062189963,,,,,0.077426,0.215443,,,,,2.15443,21.5443
4915.9171472518,0.8306773846,,,,,0.100000,0.215443,,,,,2.78256,21.5443
5046.4639754848,0.8542432188,,,,,0.129155,0.215443,,,,,3.59381,21.5443
5173.3031937071,0.876328731,,,,,0.166810,0.215443,,,,,4.64159,21.5443
5296.566825679,0.8964853579,,,,,0.215443,0.215443,,,,,5.99484,21.5443
5418.8455951018,0.9144314092,,,,,0.278256,0.215443,,,,,7.74264,21.5443
5546.2248207646,0.9300522395,,,,,0.359381,0.215443,,,,,0.0129155,27.8256
5689.8870790478,0.9433779273,,,,,0.464159,0.215443,,,,,0.016681,27.8256
5868.7854298935,0.954547685,,,,,0.599484,0.215443,,,,,0.0215443,27.8256
6067.6894400785,0.9556429821,,,,,0.774264,0.215443,,,,,0.0278256,27.8256
6441.4500124166,0.9653086074,,,,,1.000000,0.215443,,,,,0.0359381,27.8256
7014.1959192711,0.9729277086,,,,,1.291550,0.215443,,,,,0.0464159,27.8256
7926.2308520816,0.9789100229,,,,,1.668100,0.215443,,,,,0.0599484,27.8256
9409.2041390121,0.9835926851,,,,,2.154430,0.215443,,,,,0.0774264,27.8256
11847.2965305085,0.9872491864,,,,,0.100000,0.278256,,,,,0.1,27.8256
3461.6991998225,0.5556064476,,,,,0.129155,0.278256,,,,,0.129155,27.8256
3502.9287558145,0.5634563314,,,,,0.166810,0.278256,,,,,0.16681,27.8256
3553.6030485694,0.5731023266,,,,,0.215443,0.278256,,,,,0.215443,27.8256
3615.1728324515,0.584818825,,,,,0.278256,0.278256,,,,,0.278256,27.8256
3688.9779097796,0.5988579222,,,,,0.359381,0.278256,,,,,0.359381,27.8256
3776.0831457716,0.6154175395,,,,,0.464159,0.278256,,,,,0.464159,27.8256
3877.0869691694,0.6346039609,,,,,0.599484,0.278256,,,,,0.599484,27.8256
3991.9278420508,0.6563934461,,,,,0.774264,0.278256,,,,,0.774264,27.8256
4119.7269344022,0.6805998807,,,,,1.000000,0.278256,,,,,1,27.8256
4258.7132650404,0.7068567504,,,,,1.291550,0.278256,,,,,1.29155,27.8256
4406.2767867984,0.7346212099,,,,,1.668100,0.278256,,,,,1.6681,27.8256
4559.1821808511,0.7632050196,,,,,2.154430,0.278256,,,,,2.15443,27.8256
4713.9525283541,0.7918316305,,,,,0.129155,0.359381,,,,,2.78256,27.8256
4867.4043838168,0.8197118085,,,,,0.166810,0.359381,,,,,3.59381,27.8256
5017.2982251321,0.8461241303,,,,,0.215443,0.359381,,,,,4.64159,27.8256
5163.0787494035,0.8704841781,,,,,0.278256,0.359381,,,,,5.99484,27.8256
5306.732954166,0.8923889529,,,,,0.359381,0.359381,,,,,7.74264,27.8256
5453.8969933738,0.9116301708,,,,,0.464159,0.359381,,,,,0.0129155,35.9381
5615.4972542137,0.9281787215,,,,,0.599484,0.359381,,,,,0.016681,35.9381
5810.4276009759,0.9421491116,,,,,1.000000,0.359381,,,,,0.0215443,35.9381
6010.9384351574,0.9434421302,,,,,1.291550,0.359381,,,,,0.0278256,35.9381
6400.0389424552,0.9556429821,,,,,1.668100,0.359381,,,,,0.0359381,35.9381
6986.1829035647,0.9653086074,,,,,2.154430,0.359381,,,,,0.0464159,35.9381
7910.2881362367,0.9729277086,,,,,0.166810,0.464159,,,,,0.0599484,35.9381
9404.6661092514,0.9789100229,,,,,0.215443,0.464159,,,,,0.0774264,35.9381
11854.244203999,0.9835926851,,,,,0.278256,0.464159,,,,,0.1,35.9381
3109.6440622193,0.4882748515,,,,,0.359381,0.464159,,,,,0.129155,35.9381
3152.9167837625,0.4965107417,,,,,0.464159,0.464159,,,,,0.16681,35.9381
3206.2566736333,0.5066604278,,,,,0.599484,0.464159,,,,,0.215443,35.9381
3271.2992995016,0.5190332698,,,,,1.291550,0.464159,,,,,0.278256,35.9381
3349.614230293,0.5339248299,,,,,1.668100,0.464159,,,,,0.359381,35.9381
3442.542143306,0.5515851801,,,,,2.154430,0.464159,,,,,0.464159,35.9381
3550.9963010427,0.5721800698,,,,,0.215443,0.599484,,,,,0.599484,35.9381
3675.2493979813,0.5957487565,,,,,0.278256,0.599484,,,,,0.774264,35.9381
3814.740463326,0.6221647799,,,,,0.359381,0.599484,,,,,1,35.9381
3967.9479501392,0.6511079365,,,,,0.464159,0.599484,,,,,1.29155,35.9381
4132.3802146096,0.6820563175,,,,,0.599484,0.599484,,,,,1.6681,35.9381
4304.7291665377,0.7143056555,,,,,1.668100,0.599484,,,,,2.15443,35.9381
4481.2146833496,0.7470187713,,,,,2.154430,0.599484,,,,,2.78256,35.9381
4658.1194319401,0.779300959,,,,,0.215443,0.774264,,,,,3.59381,35.9381
4832.4876765077,0.8102894584,,,,,0.278256,0.774264,,,,,4.64159,35.9381
5002.9569413524,0.8392397615,,,,,0.359381,0.774264,,,,,5.99484,35.9381
5170.729391225,0.8655912279,,,,,0.464159,0.774264,,,,,7.74264,35.9381
5340.7851557849,0.889000154,,,,,0.599484,0.774264,,,,,0.0129155,46.4159
5523.5984519694,0.9093378414,,,,,0.278256,1,,,,,0.016681,46.4159
5737.8473660258,0.9266602979,,,,,0.359381,1,,,,,0.0215443,46.4159
6014.9400415095,0.9411615159,,,,,0.464159,1,,,,,0.0278256,46.4159
6348.0538487293,0.9434421302,,,,,0.599484,1,,,,,0.0359381,46.4159
6950.9374888555,0.9556429821,,,,,,,,,,,0.0464159,46.4159
7890.280293401,0.9653086074,,,,,,,,,,,0.0599484,46.4159
9399.171815704,0.9729277086,,,,,,,,,,,0.0774264,46.4159
11863.4542563883,0.9789100229,,,,,,,,,,,0.1,46.4159
2321.7935043335,0.3491836143,,,,,,,,,,,0.129155,46.4159
2347.8526394722,0.3534429266,,,,,,,,,,,0.16681,46.4159
2380.8500623501,0.3588335322,,,,,,,,,,,0.215443,46.4159
2422.404777438,0.3656175994,,,,,,,,,,,0.278256,46.4159
2474.3767806303,0.3740949789,,,,,,,,,,,0.359381,46.4159
2538.8203354346,0.3845946836,,,,,,,,,,,0.464159,46.4159
3219.3309976383,0.5086282184,,,,,,,,,,,0.599484,46.4159
3348.5142736956,0.5331153752,,,,,,,,,,,0.774264,46.4159
3495.1579526805,0.5608679282,,,,,,,,,,,1,46.4159
3658.2207014414,0.591655659,,,,,,,,,,,1.29155,46.4159
3835.5942720642,0.6250276905,,,,,,,,,,,1.6681,46.4159
4024.1682778585,0.6603147249,,,,,,,,,,,2.15443,46.4159
4220.0970235347,0.6966634988,,,,,,,,,,,2.78256,46.4159
4419.2935231692,0.7331041303,,,,,,,,,,,3.59381,46.4159
4618.1449411847,0.7686424472,,,,,,,,,,,4.64159,46.4159
4814.4238394046,0.8023610617,,,,,,,,,,,5.99484,46.4159
5008.3866725623,0.8335087016,,,,,,,,,,,7.74264,46.4159
5204.1296182952,0.8615597713,,,,,,,,,,,0.0129155,59.9484
5411.4267833549,0.8862347937,,,,,,,,,,,0.016681,59.9484
5648.5167906122,0.9074835366,,,,,,,,,,,0.0215443,59.9484
5946.6546374443,0.9254414994,,,,,,,,,,,0.0278256,59.9484
6283.3189024678,0.9281376709,,,,,,,,,,,0.0359381,59.9484
6906.9296714875,0.9434421302,,,,,,,,,,,0.0464159,59.9484
7865.3896188295,0.9556429821,,,,,,,,,,,0.0599484,59.9484
9392.6771156811,0.9653086074,,,,,,,,,,,0.0774264,59.9484
11875.739640315,0.9729277086,,,,,,,,,,,0.1,59.9484
2077.064634155,0.3058891035,,,,,,,,,,,0.129155,59.9484
2101.7001258702,0.309910847,,,,,,,,,,,0.16681,59.9484
2132.9731697334,0.3150138326,,,,,,,,,,,0.215443,59.9484
2172.4815240702,0.3214567747,,,,,,,,,,,0.278256,59.9484
2222.0915529833,0.3295407888,,,,,,,,,,,0.359381,59.9484
2283.913238625,0.3396044681,,,,,,,,,,,0.464159,59.9484
2360.2269577029,0.352010439,,,,,,,,,,,0.599484,59.9484
2453.3306436247,0.3671198241,,,,,,,,,,,0.774264,59.9484
3174.1363820812,0.4991900179,,,,,,,,,,,1,59.9484
3341.1014531245,0.5306752301,,,,,,,,,,,1.29155,59.9484
3525.630680112,0.5653528194,,,,,,,,,,,1.6681,59.9484
3725.1500804012,0.6026523008,,,,,,,,,,,2.15443,59.9484
3936.0952797784,0.641769493,,,,,,,,,,,2.78256,59.9484
4154.3126248852,0.6817158182,,,,,,,,,,,3.59381,59.9484
4375.7378389353,0.7214031932,,,,,,,,,,,4.64159,59.9484
4597.3482248209,0.759752382,,,,,,,,,,,5.99484,59.9484
4818.3786019398,0.795804039,,,,,,,,,,,7.74264,59.9484
5041.8436493911,0.828809136,,,,,,,,,,,,
5276.5481435803,0.8582810367,,,,,,,,,,,,
5540.0098042319,0.8840030277,,,,,,,,,,,,
5863.0889213505,0.9059974577,,,,,,,,,,,,
6203.5324542699,0.9090909091,,,,,,,,,,,,
6852.5214675842,0.9281376709,,,,,,,,,,,,
7834.78184249,0.9434421302,,,,,,,,,,,,
9385.2703926952,0.9556429821,,,,,,,,,,,,
11892.2474303028,0.9653086074,,,,,,,,,,,,
1840.539216524,0.2633540777,,,,,,,,,,,,
1863.2859886577,0.2670609092,,,,,,,,,,,,
1892.2318864934,0.2717760199,,,,,,,,,,,,
1928.9134403277,0.2777480372,,,,,,,,,,,,
1975.1537962604,0.2852710717,,,,,,,,,,,,
2033.0585986868,0.2946833145,,,,,,,,,,,,
2104.9714864295,0.3063586833,,,,,,,,,,,,
2193.3665697364,0.3206879192,,,,,,,,,,,,
2300.6654052267,0.338045396,,,,,,,,,,,,
3029.9748707317,0.4706714389,,,,,,,,,,,,
3214.6953369017,0.5053076306,,,,,,,,,,,,
3418.2776358932,0.5432833599,,,,,,,,,,,,
3637.8583158764,0.5839222707,,,,,,,,,,,,
3869.6543754621,0.6262988181,,,,,,,,,,,,
4109.5350217693,0.669302221,,,,,,,,,,,,
4353.9449116041,0.7117385896,,,,,,,,,,,,
4228.2978113875,0.6829859869,,,,,,,,,,,,
4853.1216353926,0.7904566368,,,,,,,,,,,,
5117.3503377361,0.8250021031,,,,,,,,,,,,
5410.3747096067,0.8556422595,,,,,,,,,,,,
5762.3594661518,0.8822178162,,,,,,,,,,,,
6106.4760780425,0.8856180327,,,,,,,,,,,,
6786.1126612698,0.9090909091,,,,,,,,,,,,
7797.7249924684,0.9281376709,,,,,,,,,,,,
9377.2962905548,0.9434421302,,,,,,,,,,,,
11914.6153269206,0.9556429821,,,,,,,,,,,,
1619.6037246157,0.2226713314,,,,,,,,,,,,
1640.1201263534,0.2260069078,,,,,,,,,,,,
1666.287793065,0.230259718,,,,,,,,,,,,
1699.5455374239,0.2356622549,,,,,,,,,,,,
1741.6249960106,0.2424936163,,,,,,,,,,,,
1794.5648340599,0.2510811979,,,,,,,,,,,,
1860.6948718988,0.2617971713,,,,,,,,,,,,
1942.5679387155,0.275046427,,,,,,,,,,,,
2042.8345259585,0.2912420443,,,,,,,,,,,,
2163.9833216104,0.3107645781,,,,,,,,,,,,
2915.7891842755,0.4472915274,,,,,,,,,,,,
3115.9156321034,0.4844796655,,,,,,,,,,,,
3336.5326749434,0.5251529932,,,,,,,,,,,,
3574.7345777536,0.568543439,,,,,,,,,,,,
3826.8645924493,0.6136177847,,,,,,,,,,,,
4089.3175644935,0.6591558652,,,,,,,,,,,,
3935.6285972397,0.6252015297,,,,,,,,,,,,
4292.766574797,0.6829859869,,,,,,,,,,,,
4933.6927592348,0.7861443598,,,,,,,,,,,,
5258.6775291325,0.8219480163,,,,,,,,,,,,
5643.2654387442,0.8535362023,,,,,,,,,,,,
5990.3670946597,0.8570375245,,,,,,,,,,,,
6706.4023694166,0.8856180327,,,,,,,,,,,,
7753.8016976697,0.9090909091,,,,,,,,,,,,
9369.5601483251,0.9281376709,,,,,,,,,,,,
11945.2072569031,0.9434421302,,,,,,,,,,,,
1420.2011120985,0.1846812396,,,,,,,,,,,,
1438.295230571,0.1876151648,,,,,,,,,,,,
1461.4257267508,0.1913638934,,,,,,,,,,,,
1490.90215231,0.1961390928,,,,,,,,,,,,
1528.3242299887,0.2021981872,,,,,,,,,,,,
1575.6072804116,0.209848465,,,,,,,,,,,,
1634.9907404038,0.2194476661,,,,,,,,,,,,
1709.0099825691,0.2313982376,,,,,,,,,,,,
1800.4101233892,0.2461315635,,,,,,,,,,,,
1911.9769903817,0.2640780069,,,,,,,,,,,,
2046.2654114333,0.2856192632,,,,,,,,,,,,
2830.4593255478,0.4284717839,,,,,,,,,,,,
3044.4422704311,0.4676685096,,,,,,,,,,,,
3281.0928133857,0.5104936002,,,,,,,,,,,,
3537.8226483246,0.5561010634,,,,,,,,,,,,
3811.6277014658,0.6033638,,,,,,,,,,,,
3626.229075334,0.5636140838,,,,,,,,,,,,
4006.6896501353,0.6252015297,,,,,,,,,,,,
4399.1368378442,0.6829859869,,,,,,,,,,,,
5085.715069677,0.7826976465,,,,,,,,,,,,
5505.9086914939,0.819516838,,,,,,,,,,,,
5854.3930199518,0.8227449696,,,,,,,,,,,,
6612.8129253941,0.8570375245,,,,,,,,,,,,
7703.2605008428,0.8856180327,,,,,,,,,,,,
9363.6551462382,0.9090909091,,,,,,,,,,,,
11987.4675792068,0.9281376709,,,,,,,,,,,,
1246.4501863224,0.1499366674,,,,,,,,,,,,
1262.092151706,0.1524644599,,,,,,,,,,,,
1282.1221166627,0.155700437,,,,,,,,,,,,
1307.7085180673,0.159832552,,,,,,,,,,,,
1340.2911281047,0.1650919796,,,,,,,,,,,,
1381.6189873546,0.1717588399,,,,,,,,,,,,
1433.7772416176,0.1801658891,,,,,,,,,,,,
1499.1900810725,0.1906979838,,,,,,,,,,,,
1580.5815226527,0.2037841827,,,,,,,,,,,,
1680.8709384818,0.2198784952,,,,,,,,,,,,
1802.9791797069,0.2394250021,,,,,,,,,,,,
2572.6537021532,0.3770998276,,,,,,,,,,,,
2773.4807835247,0.4135154939,,,,,,,,,,,,
3001.0714727811,0.4542649469,,,,,,,,,,,,
3254.3988477674,0.4987785572,,,,,,,,,,,,
3531.7382507725,0.5461453948,,,,,,,,,,,,
3310.5293476252,0.5,,,,,,,,,,,,
3705.9915924038,0.5636140838,,,,,,,,,,,,
4124.034386886,0.6252015297,,,,,,,,,,,,
4575.0327685274,0.6829859869,,,,,,,,,,,,
5084.0637969235,0.7356287387,,,,,,,,,,,,
5699.448587811,0.782315942,,,,,,,,,,,,
6506.1225700908,0.8227449696,,,,,,,,,,,,
7647.5622071338,0.8570375245,,,,,,,,,,,,
9362.4693948988,0.8856180327,,,,,,,,,,,,
12046.4507364109,0.9090909091,,,,,,,,,,,,
1100.5591924931,0.1187392332,,,,,,,,,,,,
1113.8409509474,0.1208782383,,,,,,,,,,,,
1130.8765406299,0.1236210609,,,,,,,,,,,,
1152.6836882554,0.1271309139,,,,,,,,,,,,
1180.5283109966,0.1316104744,,,,,,,,,,,,
1215.9674725061,0.1373084566,,,,,,,,,,,,
1260.8882619982,0.1445253282,,,,,,,,,,,,
1317.5338370409,0.1536165945,,,,,,,,,,,,
1388.5026148355,0.164991222,,,,,,,,,,,,
1476.7017200957,0.1791017985,,,,,,,,,,,,
1585.2320469197,0.1964222146,,,,,,,,,,,,
1717.1849692599,0.2174085684,,,,,,,,,,,,
2533.8108940337,0.3642852205,,,,,,,,,,,,
2746.431075446,0.4017325311,,,,,,,,,,,,
2989.2583107586,0.4436702233,,,,,,,,,,,,
3262.3738861963,0.4894957169,,,,,,,,,,,,
3000.7356229257,0.4363859162,,,,,,,,,,,,
3401.851344191,0.5,,,,,,,,,,,,
3837.828706802,0.5636140838,,,,,,,,,,,,
4318.2302024649,0.6252015297,,,,,,,,,,,,
4866.4944501581,0.6829859869,,,,,,,,,,,,
5529.0583622856,0.7356287387,,,,,,,,,,,,
6389.3398894273,0.782315942,,,,,,,,,,,,
7590.1821373368,0.8227449696,,,,,,,,,,,,
9370.946406603,0.8570375245,,,,,,,,,,,,
12129.6056301326,0.8856180327,,,,,,,,,,,,
956.5171004446,0.0763658118,,,,,,,,,,,,
973.4625754622,0.0816626868,,,,,,,,,,,,
1036.096552712,0.0997543825,,,,,,,,,,,,
1054.1831961066,0.1024724585,,,,,,,,,,,,
1077.6591066345,0.105975411,,,,,,,,,,,,
1107.5222999406,0.1104249619,,,,,,,,,,,,
1146.2500036584,0.1161280694,,,,,,,,,,,,
1196.4718778702,0.1234289492,,,,,,,,,,,,
1261.420238335,0.1327452747,,,,,,,,,,,,
1344.8388117645,0.1445584499,,,,,,,,,,,,
1450.7602972471,0.1593829415,,,,,,,,,,,,
1583.2554026211,0.1777221251,,,,,,,,,,,,
2194.8847517701,0.2855924077,,,,,,,,,,,,
2397.5380620854,0.3196185718,,,,,,,,,,,,
2634.5872988214,0.3586030351,,,,,,,,,,,,
2908.6577151318,0.4022112111,,,,,,,,,,,,
2599.1537379856,0.3445286339,,,,,,,,,,,,
2991.0977168085,0.4020753303,,,,,,,,,,,,
3442.4561492492,0.4626085777,,,,,,,,,,,,
3968.973987505,0.5243407512,,,,,,,,,,,,
4601.0899628636,0.5853705452,,,,,,,,,,,,
5350.4156820855,0.6829859869,,,,,,,,,,,,
6268.8220368369,0.7356287387,,,,,,,,,,,,
7537.7232993681,0.782315942,,,,,,,,,,,,
9397.1864194986,0.8227449696,,,,,,,,,,,,
12247.9216257328,0.8570375245,,,,,,,,,,,,
815.478151275,0.0420803097,,,,,,,,,,,,
838.8738914528,0.0491752634,,,,,,,,,,,,
973.8627738059,0.0829813969,,,,,,,,,,,,
988.4269514065,0.0849186345,,,,,,,,,,,,
1007.9985888128,0.0874666281,,,,,,,,,,,,
1032.803472358,0.0906862937,,,,,,,,,,,,
1066.4409749493,0.0949085782,,,,,,,,,,,,
1112.3121528785,0.1004745234,,,,,,,,,,,,
1174.8022705853,0.1078184908,,,,,,,,,,,,
1259.1172052682,0.1174551014,,,,,,,,,,,,
1370.8910703334,0.1299345654,,,,,,,,,,,,
1515.8363748143,0.1457876641,,,,,,,,,,,,
1859.1117855152,0.2033984127,,,,,,,,,,,,
2068.3297341058,0.2334868031,,,,,,,,,,,,
2317.1252849024,0.2687569936,,,,,,,,,,,,
2611.6633263889,0.3091064827,,,,,,,,,,,,
2373.9045265696,0.268095203,,,,,,,,,,,,
2768.0036295682,0.3160179961,,,,,,,,,,,,
3254.0726936885,0.3690237808,,,,,,,,,,,,
3862.3991742889,0.4259920908,,,,,,,,,,,,
4642.7512894722,0.4854249922,,,,,,,,,,,,
5175.4258138892,0.6252015297,,,,,,,,,,,,
6155.597499945,0.6829859869,,,,,,,,,,,,
7501.3772268804,0.7356287387,,,,,,,,,,,,
9453.9851585092,0.782315942,,,,,,,,,,,,
12417.5758134547,0.8227449696,,,,,,,,,,,,
695.2354692851,0.0231877646,,,,,,,,,,,,
719.576439243,0.0285817069,,,,,,,,,,,,
745.6870666735,0.0337289085,,,,,,,,,,,,
837.7000834346,0.0520481182,,,,,,,,,,,,
889.9276080008,0.0608673298,,,,,,,,,,,,
922.2694014525,0.0651862359,,,,,,,,,,,,
964.3614244128,0.0706048146,,,,,,,,,,,,
1018.7510689346,0.0773154377,,,,,,,,,,,,
1088.7501440299,0.0855221507,,,,,,,,,,,,
1178.8595947214,0.0954333755,,,,,,,,,,,,
1295.4189126115,0.1059272161,,,,,,,,,,,,
1451.2882200851,0.1195914295,,,,,,,,,,,,
1667.7969685485,0.1448599933,,,,,,,,,,,,
1907.0622100976,0.1705660811,,,,,,,,,,,,
2192.3052464961,0.2014213895,,,,,,,,,,,,
2533.9796515214,0.2375538399,,,,,,,,,,,,
2516.1906112098,0.2275044215,,,,,,,,,,,,
2953.9606585713,0.267308293,,,,,,,,,,,,
3521.0367470769,0.3129795035,,,,,,,,,,,,
4267.0483549231,0.3639688406,,,,,,,,,,,,
5269.2333966226,0.4192927576,,,,,,,,,,,,
5021.6532393486,0.5636140838,,,,,,,,,,,,
6066.8293612998,0.6252015297,,,,,,,,,,,,
7498.748705084,0.6829859869,,,,,,,,,,,,
9560.913216795,0.7356287387,,,,,,,,,,,,
12662.2614810884,0.782315942,,,,,,,,,,,,
700.7000817584,0.0119218371,,,,,,,,,,,,
713.7450970229,0.0138762233,,,,,,,,,,,,
729.3801801146,0.016176373,,,,,,,,,,,,
748.1610342833,0.0188903145,,,,,,,,,,,,
784.0015768141,0.0241435507,,,,,,,,,,,,
840.4479944027,0.0317565945,,,,,,,,,,,,
892.0104215503,0.0383769014,,,,,,,,,,,,
956.5128866272,0.0460447449,,,,,,,,,,,,
1036.6886324082,0.0550331908,,,,,,,,,,,,
1137.0854144571,0.0655805733,,,,,,,,,,,,
1263.9448122272,0.077990655,,,,,,,,,,,,
1425.848064232,0.0926418646,,,,,,,,,,,,
1634.6276388917,0.1099887964,,,,,,,,,,,,
1906.6844926452,0.1305540571,,,,,,,,,,,,
2264.950650378,0.1549067028,,,,,,,,,,,,
2741.8954681972,0.1836227328,,,,,,,,,,,,
3224.6181977031,0.2129904738,,,,,,,,,,,,
3774.2242819082,0.2462668491,,,,,,,,,,,,
4504.209329409,0.285632709,,,,,,,,,,,,
5491.0982645966,0.3308750044,,,,,,,,,,,,
6850.7425101132,0.3814015925,,,,,,,,,,,,
8763.8135211022,0.4361966829,,,,,,,,,,,,
6027.3973237664,0.5636140838,,,,,,,,,,,,
7556.0708292904,0.6252015297,,,,,,,,,,,,
9747.0608773604,0.6829859869,,,,,,,,,,,,
13016.4377582009,0.7356287387,,,,,,,,,,,,
750.3450841351,0.0082141009,,,,,,,,,,,,
763.1008679875,0.0096686965,,,,,,,,,,,,
778.4176474827,0.0114165963,,,,,,,,,,,,
796.9049514687,0.0135242178,,,,,,,,,,,,
819.3378128278,0.016074252,,,,,,,,,,,,
846.0860638871,0.0192738693,,,,,,,,,,,,
919.8291691476,0.0258659966,,,,,,,,,,,,
977.1946868018,0.0323155672,,,,,,,,,,,,
1054.0994684131,0.0395078494,,,,,,,,,,,,
1151.5020411104,0.0481976848,,,,,,,,,,,,
1275.3586633699,0.0586916442,,,,,,,,,,,,
1434.0391868528,0.0713481813,,,,,,,,,,,,
1639.004943585,0.0865924466,,,,,,,,,,,,
1906.0891650373,0.1049177065,,,,,,,,,,,,
2257.3805757082,0.1268759303,,,,,,,,,,,,
2724.0572763073,0.1530518837,,,,,,,,,,,,
3350.7606911714,0.1840151329,,,,,,,,,,,,
4202.5089410431,0.2202463694,,,,,,,,,,,,
5375.8402265926,0.2620394771,,,,,,,,,,,,
7017.0311656021,0.3093894936,,,,,,,,,,,,
9352.1415990969,0.3618880611,,,,,,,,,,,,
12736.7632576016,0.4186580227,,,,,,,,,,,,
16943.4939694594,0.4746856137,,,,,,,,,,,,
7710.9395597069,0.5636140838,,,,,,,,,,,,
10054.6566946724,0.6252015297,,,,,,,,,,,,
13529.8557807291,0.6829859869,,,,,,,,,,,,
833.0123321842,0.0057206119,,,,,,,,,,,,
845.7118224135,0.0068223377,,,,,,,,,,,,
860.9633517356,0.0081666134,,,,,,,,,,,,
879.3776739203,0.0098125546,,,,,,,,,,,,
901.7336229506,0.0118344438,,,,,,,,,,,,
929.028215185,0.0143256181,,,,,,,,,,,,
962.5412132362,0.0174032946,,,,,,,,,,,,
1002.4842500614,0.0212990747,,,,,,,,,,,,
1109.3616726098,0.0281683804,,,,,,,,,,,,
1190.4731888358,0.0354172563,,,,,,,,,,,,
1306.4929605465,0.0438799563,,,,,,,,,,,,
1455.6132535826,0.0542710134,,,,,,,,,,,,
1648.0559675014,0.0670032367,,,,,,,,,,,,
1898.3852367252,0.082552019,,,,,,,,,,,,
2226.7715243029,0.1014582517,,,,,,,,,,,,
2661.45920216,0.1243137347,,,,,,,,,,,,
3242.5210496605,0.1517282617,,,,,,,,,,,,
4027.6956294709,0.1842726183,,,,,,,,,,,,
5101.6595541288,0.2223946256,,,,,,,,,,,,
6591.0151586747,0.2663119736,,,,,,,,,,,,
8688.8182700177,0.3158960921,,,,,,,,,,,,
11695.0154526571,0.3705735512,,,,,,,,,,,,
16083.3355696338,0.4292799747,,,,,,,,,,,,
22612.047579045,0.4904985139,,,,,,,,,,,,
10544.0021418248,0.5636140838,,,,,,,,,,,,
14273.9701350653,0.6252015297,,,,,,,,,,,,
967.874773327,0.0039045699,,,,,,,,,,,,
980.2778044157,0.0047246191,,,,,,,,,,,,
995.2109220005,0.0057390403,,,,,,,,,,,,
1013.2823588198,0.0069976946,,,,,,,,,,,,
1035.2682090555,0.0085636556,,,,,,,,,,,,
1062.1618432762,0.0105166661,,,,,,,,,,,,
1095.2396388929,0.0129574238,,,,,,,,,,,,
1136.1473384842,0.0160128463,,,,,,,,,,,,
1187.0130615945,0.0198424491,,,,,,,,,,,,
1250.5084868432,0.0246462962,,,,,,,,,,,,
1343.3388843773,0.0312913497,,,,,,,,,,,,
1513.5972545376,0.0404508491,,,,,,,,,,,,
1677.1938528138,0.0507411158,,,,,,,,,,,,
1902.317025725,0.0634280701,,,,,,,,,,,,
2196.4240660292,0.0790813685,,,,,,,,,,,,
2583.6567463524,0.0982813464,,,,,,,,,,,,
3098.0071867068,0.1216539758,,,,,,,,,,,,
3787.7989772038,0.1498323277,,,,,,,,,,,,
4722.8417783923,0.1833920139,,,,,,,,,,,,
6005.8199147326,0.2227592082,,,,,,,,,,,,
7790.7099993956,0.2680969994,,,,,,,,,,,,
10312.9026915801,0.319187409,,,,,,,,,,,,
13938.7987474757,0.3753388817,,,,,,,,,,,,
19247.7387745106,0.4353559191,,,,,,,,,,,,
27167.5317274859,0.4976008909,,,,,,,,,,,,
15351.3983972972,0.5636140838,,,,,,,,,,,,
1190.8777556245,0.0026066976,,,,,,,,,,,,
1202.5898835841,0.0032043492,,,,,,,,,,,,
1216.7829228712,0.0039531968,,,,,,,,,,,,
1234.0699197133,0.0048936774,,,,,,,,,,,,
1255.2252222416,0.0060772505,,,,,,,,,,,,
1281.2445523122,0.0075693355,,,,,,,,,,,,
1313.4073732101,0.0094529936,,,,,,,,,,,,
1353.360427708,0.0118334849,,,,,,,,,,,,
1403.2358338458,0.0148438302,,,,,,,,,,,,
1465.7979748354,0.0186515123,,,,,,,,,,,,
1544.6444789853,0.0234663362,,,,,,,,,,,,
1644.4688427512,0.0295493376,,,,,,,,,,,,
1771.404554532,0.037222316,,,,,,,,,,,,
1932.3335670765,0.0469804864,,,,,,,,,,,,
2279.2771355148,0.0603120557,,,,,,,,,,,,
2561.389110862,0.0760562743,,,,,,,,,,,,
3003.88201666,0.0953179,,,,,,,,,,,,
3593.3035578865,0.1188915423,,,,,,,,,,,,
4384.181064819,0.1474318052,,,,,,,,,,,,
5456.6325199669,0.1815223201,,,,,,,,,,,,
6928.5203932706,0.2215801257,,,,,,,,,,,,
8976.5927300818,0.2677377506,,,,,,,,,,,,
11871.0111848975,0.3197240801,,,,,,,,,,,,
16032.0801722897,0.3767758491,,,,,,,,,,,,
22123.7731465974,0.4376172945,,,,,,,,,,,,
31208.2246857588,0.5005364802,,,,,,,,,,,,
1566.0601808582,0.0017438305,,,,,,,,,,,,
1576.9272043604,0.0021767825,,,,,,,,,,,,
1590.2939761025,0.0027251355,,,,,,,,,,,,
1606.7066126389,0.0034207896,,,,,,,,,,,,
1626.9951155491,0.0043044952,,,,,,,,,,,,
1652.1735512674,0.0054283244,,,,,,,,,,,,
1683.5610504205,0.0068587088,,,,,,,,,,,,
1722.838837833,0.008680264,,,,,,,,,,,,
1772.2051521049,0.0110004861,,,,,,,,,,,,
1834.4982265488,0.0139555156,,,,,,,,,,,,
1913.4092196678,0.0177170265,,,,,,,,,,,,
2013.7645468711,0.0225002686,,,,,,,,,,,,
2141.8835931919,0.0285731144,,,,,,,,,,,,
2306.0821941762,0.0362656051,,,,,,,,,,,,
2517.3456155549,0.0459789942,,,,,,,,,,,,
2790.2848266724,0.0581924258,,,,,,,,,,,,
3144.4469400832,0.0734642978,,,,,,,,,,,,
3597.0384649919,0.0924813115,,,,,,,,,,,,
4462.4852796725,0.1165705577,,,,,,,,,,,,
5258.7873343663,0.1453005461,,,,,,,,,,,,
6514.5887231009,0.1795760474,,,,,,,,,,,,
8240.4024427184,0.2199126307,,,,,,,,,,,,
10640.1104823848,0.2664332088,,,,,,,,,,,,
14029.3587627305,0.3188435983,,,,,,,,,,,,
18898.9078750732,0.3763468266,,,,,,,,,,,,
26023.311816412,0.4376274569,,,,,,,,,,,,
2221.0464293204,0.0013530118,,,,,,,,,,,,
2234.1055478406,0.0016891468,,,,,,,,,,,,
2250.0850879704,0.0021150002,,,,,,,,,,,,
2269.5736527546,0.0026554391,,,,,,,,,,,,
2293.6367722809,0.0033422506,,,,,,,,,,,,
2323.3190681372,0.0042161505,,,,,,,,,,,,
2360.1491407148,0.0053291532,,,,,,,,,,,,
2406.0828489923,0.0067476564,,,,,,,,,,,,
2463.5814306594,0.0085562777,,,,,,,,,,,,
2535.8820400877,0.0108625599,,,,,,,,,,,,
2627.1585762335,0.0138027553,,,,,,,,,,,,
2742.89403514,0.0175487187,,,,,,,,,,,,
2890.254355774,0.0223159846,,,,,,,,,,,,
3078.6890620073,0.0283728122,,,,,,,,,,,,
3320.6916163244,0.0360497466,,,,,,,,,,,,
3632.8957633061,0.0457486451,,,,,,,,,,,,
4037.589072073,0.0579493436,,,,,,,,,,,,
4549.9816514358,0.0732609065,,,,,,,,,,,,
5571.6796384439,0.0928923285,,,,,,,,,,,,
6454.7092527083,0.1165548302,,,,,,,,,,,,
7893.8706926614,0.14518326,,,,,,,,,,,,
9864.5898941404,0.1794576132,,,,,,,,,,,,
12591.0900300636,0.219796578,,,,,,,,,,,,
16417.2617492025,0.2663218738,,,,,,,,,,,,
21871.0719495922,0.318739199,,,,,,,,,,,,
29776.0606746988,0.3762513064,,,,,,,,,,,,
3318.429381579,0.0010493898,,,,,,,,,,,,
3334.974064963,0.0013102047,,,,,,,,,,,,
3354.5134358534,0.0016407455,,,,,,,,,,,,
3378.484558485,0.0020603248,,,,,,,,,,,,
3407.9775229154,0.0025937263,,,,,,,,,,,,
3444.1849715572,0.0032727126,,,,,,,,,,,,
3489.0873429308,0.0041379053,,,,,,,,,,,,
3544.81370594,0.0052412908,,,,,,,,,,,,
3614.3377107991,0.0066492418,,,,,,,,,,,,
3701.5359892869,0.0084463595,,,,,,,,,,,,
3811.2731535651,0.0107402367,,,,,,,,,,,,
3949.9975577099,0.01366721,,,,,,,,,,,,
4126.1567031031,0.0173992921,,,,,,,,,,,,
4350.788786625,0.0221522639,,,,,,,,,,,,
4638.5321892952,0.0281947242,,,,,,,,,,,,
5008.8244405906,0.0358576586,,,,,,,,,,,,
5487.6502659658,0.0455434659,,,,,,,,,,,,
6085.8233484225,0.0577753394,,,,,,,,,,,,
7329.3419990151,0.073619154,,,,,,,,,,,,
8327.3682785854,0.092878579,,,,,,,,,,,,
10019.3912543936,0.1164488731,,,,,,,,,,,,
12323.0444294171,0.1450740218,,,,,,,,,,,,
15488.1067953072,0.1793482075,,,,,,,,,,,,
19894.6747748353,0.2196891959,,,,,,,,,,,,
26119.2335527904,0.2662187672,,,,,,,,,,,,
35050.518950083,0.3186425343,,,,,,,,,,,,
5173.0434850904,0.0008135905,,,,,,,,,,,,
5192.6223211428,0.0010159269,,,,,,,,,,,,
5217.1359999439,0.0012723584,,,,,,,,,,,,
5248.0248205491,0.0015979082,,,,,,,,,,,,
5284.7913814153,0.0020119232,,,,,,,,,,,,
5330.2136051198,0.0025390965,,,,,,,,,,,,
5386.4485013564,0.0032111175,,,,,,,,,,,,
5456.044683829,0.0040685839,,,,,,,,,,,,
5542.6944493283,0.0051634202,,,,,,,,,,,,
5651.0163641915,0.0065619747,,,,,,,,,,,,
5787.0695509438,0.0083488499,,,,,,,,,,,,
5958.573021687,0.010631666,,,,,,,,,,,,
6175.8157070037,0.0135468308,,,,,,,,,,,,
6452.1169997649,0.0172665025,,,,,,,,,,,,
6805.0846249298,0.0220066691,,,,,,,,,,,,
7258.0048423162,0.0280362338,,,,,,,,,,,,
7841.9521829657,0.0356865746,,,,,,,,,,,,
8558.9676296531,0.0453966155,,,,,,,,,,,,
10117.1825085969,0.0580824556,,,,,,,,,,,,
11261.8635657295,0.0736071824,,,,,,,,,,,,
13302.5317624061,0.0927845005,,,,,,,,,,,,
16061.3603006649,0.1163500288,,,,,,,,,,,,
19821.1823380953,0.1449730123,,,,,,,,,,,,
25009.7058733137,0.179246934,,,,,,,,,,,,
32267.9677247703,0.2195897564,,,,,,,,,,,,
42572.8263839737,0.2661233392,,,,,,,,,,,,
8344.8953472676,0.0006306028,,,,,,,,,,,,
8370.3759232372,0.0007874766,,,,,,,,,,,,
8401.693087483,0.0009863292,,,,,,,,,,,,
8439.2186745169,0.0012388611,,,,,,,,,,,,
8486.0683652733,0.0015600452,,,,,,,,,,,,
8545.5677980546,0.0019690909,,,,,,,,,,,,
8616.970882236,0.0024907398,,,,,,,,,,,,
8705.8758549662,0.0031565912,,,,,,,,,,,,
8816.6465800747,0.0040071855,,,,,,,,,,,,
8954.869260233,0.0050944163,,,,,,,,,,,,
9127.7535846871,0.0064846143,,,,,,,,,,,,
9345.4914615112,0.0082623657,,,,,,,,,,,,
9620.6925793796,0.0105353102,,,,,,,,,,,,
9969.9039887875,0.0134399299,,,,,,,,,,,,
10414.7616201813,0.0171485058,,,,,,,,,,,,
10984.135712446,0.0218772079,,,,,,,,,,,,
11716.0473815456,0.0278952065,,,,,,,,,,,,
12595.7945083854,0.0355642202,,,,,,,,,,,,
14606.4628991942,0.0456559271,,,,,,,,,,,,
15931.9356197955,0.0580721058,,,,,,,,,,,,
18458.4663138931,0.0735250197,,,,,,,,,,,,
21848.431086962,0.0926966674,,,,,,,,,,,,
26428.9101020093,0.1162585872,,,,,,,,,,,,
32692.3641536471,0.1448794986,,,,,,,,,,,,
41368.4667566487,0.179153168,,,,,,,,,,,,
53556.6858913217,0.2194977615,,,,,,,,,,,,
13866.9314911192,0.0004887483,,,,,,,,,,,,
13908.7850687308,0.0006103062,,,,,,,,,,,,
13958.8405028436,0.0007644054,,,,,,,,,,,,
14008.3167647122,0.0009601904,,,,,,,,,,,,
14069.6917070021,0.0012092474,,,,,,,,,,,,
14144.2486747816,0.0015265388,,,,,,,,,,,,
14236.864022715,0.0019312455,,,,,,,,,,,,
14355.5183660825,0.0024479559,,,,,,,,,,,,
14499.1814197479,0.0031083371,,,,,,,,,,,,
14679.5003100781,0.0039528377,,,,,,,,,,,,
14905.4990123535,0.0050333158,,,,,,,,,,,,
15189.6008383331,0.0064160663,,,,,,,,,,,,
15547.256540887,0.0081856966,,,,,,,,,,,,
16000.7960284468,0.0104498433,,,,,,,,,,,,
16577.1945553644,0.0133450582,,,,,,,,,,,,
17313.047649539,0.0170437189,,,,,,,,,,,,
18256.5761599282,0.0217621655,,,,,,,,,,,,
19361.3678872712,0.0277944542,,,,,,,,,,,,
22042.0910499863,0.0357801798,,,,,,,,,,,,
23583.5956550549,0.0456470676,,,,,,,,,,,,
26805.3162288717,0.0580014695,,,,,,,,,,,,
31095.7637880113,0.0734482997,,,,,,,,,,,,
36843.8954091503,0.0926154106,,,,,,,,,,,,
44634.4042260773,0.1161739442,,,,,,,,,,,,
55324.3889497946,0.1447929452,,,,,,,,,,,,
70191.8725179089,0.1790664633,,,,,,,,,,,,
23865.0343401278,0.0003787114,,,,,,,,,,,,
23969.7871549889,0.0004728025,,,,,,,,,,,,
23984.4847901768,0.0005923808,,,,,,,,,,,,
24067.4141595003,0.0007440883,,,,,,,,,,,,
24165.299001569,0.000937104,,,,,,,,,,,,
24265.5257084039,0.0011831025,,,,,,,,,,,,
24391.2178616863,0.001496934,,,,,,,,,,,,
24546.081593741,0.0018977585,,,,,,,,,,,,
24737.4657362434,0.0024101668,,,,,,,,,,,,
24984.4216841438,0.0030656539,,,,,,,,,,,,
25286.6358478348,0.0039047555,,,,,,,,,,,,
25668.900896462,0.0049792366,,,,,,,,,,,,
26150.4084608997,0.0063553834,,,,,,,,,,,,
26759.3486850764,0.0081177796,,,,,,,,,,,,
27532.6836330909,0.0103740946,,,,,,,,,,,,
28517.0830638822,0.0132609286,,,,,,,,,,,,
29776.9459314706,0.0169507413,,,,,,,,,,,,
31205.0069796837,0.0216800746,,,,,,,,,,,,
34931.7560391936,0.0279721236,,,,,,,,,,,,
36724.217298908,0.0357726841,,,,,,,,,,,,
40992.5073990903,0.0455872321,,,,,,,,,,,,
46636.7344228391,0.0579355317,,,,,,,,,,,,
54138.491559682,0.073377347,,,,,,,,,,,,
64223.138598399,0.0925402251,,,,,,,,,,,,
77944.2631154465,0.1160956388,,,,,,,,,,,,
96859.1268795327,0.1447129545,,,,,,,,,,,,
43132.9004464237,0.0002934599,,,,,,,,,,,,
43420.9964809204,0.0003662484,,,,,,,,,,,,
43368.7088028667,0.0004589666,,,,,,,,,,,,
43569.7794343533,0.0005764244,,,,,,,,,,,,
43612.9250494296,0.0007261573,,,,,,,,,,,,
43789.4441711441,0.0009167761,,,,,,,,,,,,
43992.2821886718,0.0011600158,,,,,,,,,,,,
44208.6142583753,0.0014708036,,,,,,,,,,,,
44483.1143456249,0.0018681906,,,,,,,,,,,,
44825.9543904663,0.0023767327,,,,,,,,,,,,
45248.8160357573,0.0030279629,,,,,,,,,,,,
45795.5185688089,0.0038622362,,,,,,,,,,,,
46474.4778779399,0.0049314089,,,,,,,,,,,,
47339.0620147527,0.0063016781,,,,,,,,,,,,
48431.9714470879,0.0080576531,,,,,,,,,,,,
49822.1205136227,0.0103070129,,,,,,,,,,,,
51597.8977390132,0.0131863833,,,,,,,,,,,,
53531.104863017,0.0168844734,,,,,,,,,,,,
59045.8940997437,0.0218246846,,,,,,,,,,,,
61126.2157219379,0.0279658604,,,,,,,,,,,,
67123.0837078477,0.0357226885,,,,,,,,,,,,
75003.9886202156,0.04553141,,,,,,,,,,,,
85405.0958603708,0.0578745854,,,,,,,,,,,,
99292.1199631997,0.0733117342,,,,,,,,,,,,
118058.700391342,0.0924707111,,,,,,,,,,,,
143753.782390099,0.1160233159,,,,,,,,,,,,
85926.3467921464,0.0002272394,,,,,,,,,,,,
86777.9127992008,0.0002834932,,,,,,,,,,,,
85966.1556613431,0.0003556101,,,,,,,,,,,,
86553.2113876397,0.0004465023,,,,,,,,,,,,
86489.0805756752,0.0005625756,,,,,,,,,,,,
86913.1851509658,0.0007101993,,,,,,,,,,,,
87046.0506464172,0.0008988526,,,,,,,,,,,,
87473.4144066485,0.0011396823,,,,,,,,,,,,
87937.5146077534,0.0014477325,,,,,,,,,,,,
88460.9644715279,0.0018420971,,,,,,,,,,,,
89132.9202188154,0.0023472333,,,,,,,,,,,,
89982.3455559664,0.0029946247,,,,,,,,,,,,
91037.2467445989,0.0038246861,,,,,,,,,,,,
92389.0848840495,0.0048891311,,,,,,,,,,,,
94106.7938847094,0.0062541996,,,,,,,,,,,,
96286.3389475823,0.0080044745,,,,,,,,,,,,
99065.7467947764,0.0102476506,,,,,,,,,,,,
101946.276889323,0.0131333035,,,,,,,,,,,,
111068.298222013,0.0170010902,,,,,,,,,,,,
113508.789398616,0.0218195142,,,,,,,,,,,,
122914.960382714,0.0279246012,,,,,,,,,,,,
135218.327360041,0.0356760778,,,,,,,,,,,,
151373.344242048,0.0454798494,,,,,,,,,,,,
172851.224770163,0.0578182645,,,,,,,,,,,,
201774.629078607,0.073251112,,,,,,,,,,,,
241273.832552703,0.0924065518,,,,,,,,,,,,
